,season,round,constructor,constructor_points,constructor_wins,constructor_standings_pos
0,2015,1,mercedes,0.0,0.0,0.0
1,2015,1,ferrari,0.0,0.0,0.0
2,2015,1,sauber,0.0,0.0,0.0
3,2015,1,williams,0.0,0.0,0.0
4,2015,1,red_bull,0.0,0.0,0.0
5,2015,1,force_india,0.0,0.0,0.0
6,2015,1,toro_rosso,0.0,0.0,0.0
7,2015,1,mclaren,0.0,0.0,0.0
8,2015,1,lotus_f1,0.0,0.0,0.0
9,2015,2,mercedes,43.0,1.0,1.0
10,2015,2,ferrari,15.0,0.0,2.0
11,2015,2,williams,12.0,0.0,4.0
12,2015,2,sauber,14.0,0.0,3.0
13,2015,2,toro_rosso,2.0,0.0,7.0
14,2015,2,red_bull,8.0,0.0,5.0
15,2015,2,force_india,7.0,0.0,6.0
16,2015,2,lotus_f1,0.0,0.0,9.0
17,2015,2,mclaren,0.0,0.0,8.0
18,2015,2,manor,0.0,0.0,0.0
19,2015,3,mercedes,76.0,1.0,1.0
20,2015,3,ferrari,52.0,1.0,2.0
21,2015,3,williams,30.0,0.0,3.0
22,2015,3,sauber,14.0,0.0,4.0
23,2015,3,red_bull,11.0,0.0,6.0
24,2015,3,toro_rosso,12.0,0.0,5.0
25,2015,3,force_india,7.0,0.0,7.0
26,2015,3,lotus_f1,0.0,0.0,8.0
27,2015,3,mclaren,0.0,0.0,9.0
28,2015,3,manor,0.0,0.0,10.0
29,2015,4,mercedes,119.0,2.0,1.0
30,2015,4,ferrari,79.0,1.0,2.0
31,2015,4,williams,48.0,0.0,3.0
32,2015,4,red_bull,13.0,0.0,5.0
33,2015,4,sauber,19.0,0.0,4.0
34,2015,4,lotus_f1,6.0,0.0,8.0
35,2015,4,toro_rosso,12.0,0.0,6.0
36,2015,4,force_india,7.0,0.0,7.0
37,2015,4,mclaren,0.0,0.0,9.0
38,2015,4,manor,0.0,0.0,10.0
39,2015,5,mercedes,159.0,3.0,1.0
40,2015,5,ferrari,107.0,1.0,2.0
41,2015,5,williams,61.0,0.0,3.0
42,2015,5,red_bull,23.0,0.0,4.0
43,2015,5,sauber,19.0,0.0,5.0
44,2015,5,lotus_f1,12.0,0.0,6.0
45,2015,5,toro_rosso,12.0,0.0,7.0
46,2015,5,force_india,11.0,0.0,8.0
47,2015,5,mclaren,0.0,0.0,9.0
48,2015,5,manor,0.0,0.0,10.0
49,2015,6,mercedes,202.0,4.0,1.0
50,2015,6,ferrari,132.0,1.0,2.0
51,2015,6,williams,81.0,0.0,3.0
52,2015,6,red_bull,30.0,0.0,4.0
53,2015,6,sauber,19.0,0.0,5.0
54,2015,6,force_india,11.0,0.0,8.0
55,2015,6,lotus_f1,16.0,0.0,6.0
56,2015,6,toro_rosso,14.0,0.0,7.0
57,2015,6,mclaren,0.0,0.0,9.0
58,2015,6,manor,0.0,0.0,10.0
59,2015,7,mercedes,242.0,5.0,1.0
60,2015,7,ferrari,158.0,1.0,2.0
61,2015,7,williams,81.0,0.0,3.0
62,2015,7,red_bull,52.0,0.0,4.0
63,2015,7,lotus_f1,16.0,0.0,7.0
64,2015,7,sauber,21.0,0.0,5.0
65,2015,7,force_india,17.0,0.0,6.0
66,2015,7,toro_rosso,15.0,0.0,8.0
67,2015,7,mclaren,4.0,0.0,9.0
68,2015,7,manor,0.0,0.0,10.0
69,2015,8,mercedes,285.0,6.0,1.0
70,2015,8,ferrari,180.0,1.0,2.0
71,2015,8,williams,104.0,0.0,3.0
72,2015,8,red_bull,54.0,0.0,4.0
73,2015,8,force_india,21.0,0.0,7.0
74,2015,8,lotus_f1,23.0,0.0,5.0
75,2015,8,sauber,21.0,0.0,6.0
76,2015,8,toro_rosso,15.0,0.0,8.0
77,2015,8,mclaren,4.0,0.0,9.0
78,2015,8,manor,0.0,0.0,10.0
79,2015,9,mercedes,328.0,7.0,1.0
80,2015,9,ferrari,192.0,1.0,2.0
81,2015,9,williams,129.0,0.0,3.0
82,2015,9,red_bull,55.0,0.0,4.0
83,2015,9,force_india,31.0,0.0,5.0
84,2015,9,lotus_f1,29.0,0.0,6.0
85,2015,9,sauber,21.0,0.0,7.0
86,2015,9,toro_rosso,19.0,0.0,8.0
87,2015,9,mclaren,4.0,0.0,9.0
88,2015,9,manor,0.0,0.0,10.0
89,2015,10,mercedes,371.0,8.0,1.0
90,2015,10,ferrari,211.0,1.0,2.0
91,2015,10,williams,151.0,0.0,3.0
92,2015,10,red_bull,63.0,0.0,4.0
93,2015,10,force_india,39.0,0.0,5.0
94,2015,10,lotus_f1,29.0,0.0,6.0
95,2015,10,toro_rosso,19.0,0.0,8.0
96,2015,10,sauber,21.0,0.0,7.0
97,2015,10,mclaren,5.0,0.0,9.0
98,2015,10,manor,0.0,0.0,10.0
99,2015,11,mercedes,383.0,8.0,1.0
100,2015,11,ferrari,236.0,2.0,2.0
101,2015,11,williams,151.0,0.0,3.0
102,2015,11,red_bull,96.0,0.0,4.0
103,2015,11,lotus_f1,35.0,0.0,6.0
104,2015,11,force_india,39.0,0.0,5.0
105,2015,11,toro_rosso,31.0,0.0,7.0
106,2015,11,sauber,22.0,0.0,8.0
107,2015,11,mclaren,17.0,0.0,9.0
108,2015,11,manor,0.0,0.0,10.0
109,2015,12,mercedes,426.0,9.0,1.0
110,2015,12,ferrari,242.0,2.0,2.0
111,2015,12,williams,161.0,0.0,3.0
112,2015,12,red_bull,108.0,0.0,4.0
113,2015,12,force_india,49.0,0.0,6.0
114,2015,12,lotus_f1,50.0,0.0,5.0
115,2015,12,toro_rosso,35.0,0.0,7.0
116,2015,12,sauber,23.0,0.0,8.0
117,2015,12,mclaren,17.0,0.0,9.0
118,2015,12,manor,0.0,0.0,10.0
119,2015,13,mercedes,451.0,10.0,1.0
120,2015,13,ferrari,270.0,2.0,2.0
121,2015,13,williams,188.0,0.0,3.0
122,2015,13,red_bull,113.0,0.0,4.0
123,2015,13,force_india,63.0,0.0,5.0
124,2015,13,lotus_f1,50.0,0.0,6.0
125,2015,13,toro_rosso,35.0,0.0,7.0
126,2015,13,sauber,25.0,0.0,8.0
127,2015,13,mclaren,17.0,0.0,9.0
128,2015,13,manor,0.0,0.0,10.0
129,2015,14,mercedes,463.0,10.0,1.0
130,2015,14,ferrari,310.0,3.0,2.0
131,2015,14,williams,198.0,0.0,3.0
132,2015,14,red_bull,139.0,0.0,4.0
133,2015,14,force_india,69.0,0.0,5.0
134,2015,14,lotus_f1,50.0,0.0,6.0
135,2015,14,toro_rosso,41.0,0.0,7.0
136,2015,14,sauber,26.0,0.0,8.0
137,2015,14,mclaren,17.0,0.0,9.0
138,2015,14,manor,0.0,0.0,10.0
139,2015,15,mercedes,506.0,11.0,1.0
140,2015,15,ferrari,337.0,3.0,2.0
141,2015,15,williams,208.0,0.0,3.0
142,2015,15,red_bull,139.0,0.0,4.0
143,2015,15,force_india,77.0,0.0,5.0
144,2015,15,lotus_f1,60.0,0.0,6.0
145,2015,15,toro_rosso,44.0,0.0,7.0
146,2015,15,sauber,26.0,0.0,8.0
147,2015,15,mclaren,17.0,0.0,9.0
148,2015,15,manor,0.0,0.0,10.0
149,2015,16,mercedes,531.0,12.0,1.0
150,2015,16,ferrari,359.0,3.0,2.0
151,2015,16,williams,220.0,0.0,3.0
152,2015,16,red_bull,149.0,0.0,4.0
153,2015,16,force_india,92.0,0.0,5.0
154,2015,16,lotus_f1,66.0,0.0,6.0
155,2015,16,toro_rosso,45.0,0.0,7.0
156,2015,16,sauber,34.0,0.0,8.0
157,2015,16,mclaren,19.0,0.0,9.0
158,2015,16,manor,0.0,0.0,10.0
159,2015,17,mercedes,574.0,13.0,1.0
160,2015,17,ferrari,374.0,3.0,2.0
161,2015,17,williams,220.0,0.0,3.0
162,2015,17,red_bull,150.0,0.0,4.0
163,2015,17,force_india,102.0,0.0,5.0
164,2015,17,lotus_f1,70.0,0.0,6.0
165,2015,17,toro_rosso,63.0,0.0,7.0
166,2015,17,sauber,36.0,0.0,8.0
167,2015,17,mclaren,27.0,0.0,9.0
168,2015,17,manor,0.0,0.0,10.0
169,2015,18,mercedes,617.0,14.0,1.0
170,2015,18,ferrari,374.0,3.0,2.0
171,2015,18,williams,243.0,0.0,3.0
172,2015,18,red_bull,172.0,0.0,4.0
173,2015,18,force_india,112.0,0.0,5.0
174,2015,18,lotus_f1,71.0,0.0,6.0
175,2015,18,toro_rosso,65.0,0.0,7.0
176,2015,18,sauber,36.0,0.0,8.0
177,2015,18,mclaren,27.0,0.0,9.0
178,2015,18,manor,0.0,0.0,10.0
179,2015,19,mercedes,660.0,15.0,1.0
180,2015,19,ferrari,401.0,3.0,2.0
181,2015,19,williams,253.0,0.0,3.0
182,2015,19,red_bull,178.0,0.0,4.0
183,2015,19,force_india,120.0,0.0,5.0
184,2015,19,lotus_f1,76.0,0.0,6.0
185,2015,19,toro_rosso,67.0,0.0,7.0
186,2015,19,sauber,36.0,0.0,8.0
187,2015,19,mclaren,27.0,0.0,9.0
188,2015,19,manor,0.0,0.0,10.0
189,2016,1,mercedes,0.0,0.0,0.0
190,2016,1,ferrari,0.0,0.0,0.0
191,2016,1,williams,0.0,0.0,0.0
192,2016,1,red_bull,0.0,0.0,0.0
193,2016,1,haas,0.0,0.0,0.0
194,2016,1,force_india,0.0,0.0,0.0
195,2016,1,toro_rosso,0.0,0.0,0.0
196,2016,1,renault,0.0,0.0,0.0
197,2016,1,mclaren,0.0,0.0,0.0
198,2016,1,sauber,0.0,0.0,0.0
199,2016,1,manor,0.0,0.0,0.0
200,2016,2,mercedes,43.0,1.0,1.0
201,2016,2,ferrari,15.0,0.0,2.0
202,2016,2,red_bull,12.0,0.0,4.0
203,2016,2,williams,14.0,0.0,3.0
204,2016,2,haas,8.0,0.0,5.0
205,2016,2,toro_rosso,3.0,0.0,7.0
206,2016,2,force_india,6.0,0.0,6.0
207,2016,2,mclaren,0.0,0.0,9.0
208,2016,2,renault,0.0,0.0,8.0
209,2016,2,sauber,0.0,0.0,10.0
210,2016,2,manor,0.0,0.0,11.0
211,2016,3,mercedes,83.0,2.0,1.0
212,2016,3,ferrari,33.0,0.0,2.0
213,2016,3,red_bull,30.0,0.0,3.0
214,2016,3,williams,20.0,0.0,4.0
215,2016,3,haas,18.0,0.0,5.0
216,2016,3,toro_rosso,11.0,0.0,6.0
217,2016,3,force_india,6.0,0.0,7.0
218,2016,3,mclaren,1.0,0.0,8.0
219,2016,3,renault,0.0,0.0,9.0
220,2016,3,sauber,0.0,0.0,10.0
221,2016,3,manor,0.0,0.0,11.0
222,2016,4,mercedes,114.0,3.0,1.0
223,2016,4,ferrari,61.0,0.0,2.0
224,2016,4,red_bull,57.0,0.0,3.0
225,2016,4,williams,29.0,0.0,4.0
226,2016,4,haas,18.0,0.0,5.0
227,2016,4,toro_rosso,17.0,0.0,6.0
228,2016,4,mclaren,1.0,0.0,8.0
229,2016,4,force_india,6.0,0.0,7.0
230,2016,4,renault,0.0,0.0,9.0
231,2016,4,sauber,0.0,0.0,10.0
232,2016,4,manor,0.0,0.0,11.0
233,2016,5,mercedes,157.0,4.0,1.0
234,2016,5,ferrari,76.0,0.0,2.0
235,2016,5,red_bull,57.0,0.0,3.0
236,2016,5,williams,51.0,0.0,4.0
237,2016,5,toro_rosso,17.0,0.0,6.0
238,2016,5,haas,22.0,0.0,5.0
239,2016,5,force_india,8.0,0.0,8.0
240,2016,5,mclaren,10.0,0.0,7.0
241,2016,5,renault,6.0,0.0,9.0
242,2016,5,sauber,0.0,0.0,10.0
243,2016,5,manor,0.0,0.0,11.0
244,2016,6,mercedes,157.0,4.0,1.0
245,2016,6,ferrari,109.0,0.0,2.0
246,2016,6,red_bull,94.0,1.0,3.0
247,2016,6,williams,65.0,0.0,4.0
248,2016,6,force_india,14.0,0.0,7.0
249,2016,6,toro_rosso,26.0,0.0,5.0
250,2016,6,mclaren,12.0,0.0,8.0
251,2016,6,haas,22.0,0.0,6.0
252,2016,6,renault,6.0,0.0,9.0
253,2016,6,sauber,0.0,0.0,10.0
254,2016,6,manor,0.0,0.0,11.0
255,2016,7,mercedes,188.0,5.0,1.0
256,2016,7,ferrari,121.0,0.0,2.0
257,2016,7,red_bull,112.0,1.0,3.0
258,2016,7,williams,66.0,0.0,4.0
259,2016,7,force_india,37.0,0.0,5.0
260,2016,7,toro_rosso,30.0,0.0,6.0
261,2016,7,mclaren,24.0,0.0,7.0
262,2016,7,haas,22.0,0.0,8.0
263,2016,7,renault,6.0,0.0,9.0
264,2016,7,sauber,0.0,0.0,10.0
265,2016,7,manor,0.0,0.0,11.0
266,2016,8,mercedes,223.0,6.0,1.0
267,2016,8,ferrari,147.0,0.0,2.0
268,2016,8,red_bull,130.0,1.0,3.0
269,2016,8,williams,81.0,0.0,4.0
270,2016,8,force_india,42.0,0.0,5.0
271,2016,8,toro_rosso,32.0,0.0,6.0
272,2016,8,mclaren,24.0,0.0,7.0
273,2016,8,haas,22.0,0.0,8.0
274,2016,8,renault,6.0,0.0,9.0
275,2016,8,sauber,0.0,0.0,10.0
276,2016,8,manor,0.0,0.0,11.0
277,2016,9,mercedes,258.0,7.0,1.0
278,2016,9,ferrari,177.0,0.0,2.0
279,2016,9,red_bull,140.0,1.0,3.0
280,2016,9,williams,90.0,0.0,4.0
281,2016,9,force_india,59.0,0.0,5.0
282,2016,9,toro_rosso,32.0,0.0,6.0
283,2016,9,mclaren,24.0,0.0,7.0
284,2016,9,haas,22.0,0.0,8.0
285,2016,9,renault,6.0,0.0,9.0
286,2016,9,manor,0.0,0.0,11.0
287,2016,9,sauber,0.0,0.0,10.0
288,2016,10,mercedes,295.0,8.0,1.0
289,2016,10,ferrari,192.0,0.0,2.0
290,2016,10,red_bull,168.0,1.0,3.0
291,2016,10,williams,92.0,0.0,4.0
292,2016,10,force_india,59.0,0.0,5.0
293,2016,10,toro_rosso,36.0,0.0,6.0
294,2016,10,mclaren,32.0,0.0,7.0
295,2016,10,haas,28.0,0.0,8.0
296,2016,10,renault,6.0,0.0,9.0
297,2016,10,manor,1.0,0.0,10.0
298,2016,10,sauber,0.0,0.0,11.0
299,2016,11,mercedes,335.0,9.0,1.0
300,2016,11,ferrari,204.0,0.0,2.0
301,2016,11,red_bull,198.0,1.0,3.0
302,2016,11,williams,92.0,0.0,4.0
303,2016,11,force_india,73.0,0.0,5.0
304,2016,11,toro_rosso,41.0,0.0,6.0
305,2016,11,mclaren,32.0,0.0,7.0
306,2016,11,haas,28.0,0.0,8.0
307,2016,11,renault,6.0,0.0,9.0
308,2016,11,manor,1.0,0.0,10.0
309,2016,11,sauber,0.0,0.0,11.0
310,2016,12,mercedes,378.0,10.0,1.0
311,2016,12,red_bull,223.0,1.0,3.0
312,2016,12,ferrari,224.0,0.0,2.0
313,2016,12,williams,94.0,0.0,4.0
314,2016,12,force_india,74.0,0.0,5.0
315,2016,12,toro_rosso,45.0,0.0,6.0
316,2016,12,mclaren,38.0,0.0,7.0
317,2016,12,haas,28.0,0.0,8.0
318,2016,12,renault,6.0,0.0,9.0
319,2016,12,manor,1.0,0.0,10.0
320,2016,12,sauber,0.0,0.0,11.0
321,2016,13,mercedes,415.0,11.0,1.0
322,2016,13,red_bull,256.0,1.0,2.0
323,2016,13,ferrari,242.0,0.0,3.0
324,2016,13,force_india,81.0,0.0,5.0
325,2016,13,williams,96.0,0.0,4.0
326,2016,13,mclaren,42.0,0.0,7.0
327,2016,13,toro_rosso,45.0,0.0,6.0
328,2016,13,haas,28.0,0.0,8.0
329,2016,13,renault,6.0,0.0,9.0
330,2016,13,manor,1.0,0.0,10.0
331,2016,13,sauber,0.0,0.0,11.0
332,2016,14,mercedes,455.0,12.0,1.0
333,2016,14,red_bull,274.0,1.0,2.0
334,2016,14,ferrari,252.0,0.0,3.0
335,2016,14,williams,101.0,0.0,5.0
336,2016,14,force_india,103.0,0.0,4.0
337,2016,14,mclaren,48.0,0.0,6.0
338,2016,14,toro_rosso,45.0,0.0,7.0
339,2016,14,haas,28.0,0.0,8.0
340,2016,14,renault,6.0,0.0,9.0
341,2016,14,manor,1.0,0.0,10.0
342,2016,14,sauber,0.0,0.0,11.0
343,2016,15,mercedes,498.0,13.0,1.0
344,2016,15,red_bull,290.0,1.0,2.0
345,2016,15,ferrari,279.0,0.0,3.0
346,2016,15,force_india,108.0,0.0,5.0
347,2016,15,williams,111.0,0.0,4.0
348,2016,15,mclaren,48.0,0.0,6.0
349,2016,15,toro_rosso,45.0,0.0,7.0
350,2016,15,haas,28.0,0.0,8.0
351,2016,15,renault,6.0,0.0,9.0
352,2016,15,manor,1.0,0.0,10.0
353,2016,15,sauber,0.0,0.0,11.0
354,2016,16,mercedes,538.0,14.0,1.0
355,2016,16,red_bull,316.0,1.0,2.0
356,2016,16,ferrari,301.0,0.0,3.0
357,2016,16,force_india,112.0,0.0,4.0
358,2016,16,williams,111.0,0.0,5.0
359,2016,16,mclaren,54.0,0.0,6.0
360,2016,16,toro_rosso,47.0,0.0,7.0
361,2016,16,haas,28.0,0.0,8.0
362,2016,16,renault,7.0,0.0,9.0
363,2016,16,manor,1.0,0.0,10.0
364,2016,16,sauber,0.0,0.0,11.0
365,2016,17,mercedes,553.0,14.0,1.0
366,2016,17,red_bull,359.0,2.0,2.0
367,2016,17,ferrari,313.0,0.0,3.0
368,2016,17,force_india,124.0,0.0,4.0
369,2016,17,williams,121.0,0.0,5.0
370,2016,17,mclaren,62.0,0.0,6.0
371,2016,17,toro_rosso,47.0,0.0,7.0
372,2016,17,haas,28.0,0.0,8.0
373,2016,17,renault,8.0,0.0,9.0
374,2016,17,manor,1.0,0.0,10.0
375,2016,17,sauber,0.0,0.0,11.0
376,2016,18,mercedes,593.0,15.0,1.0
377,2016,18,red_bull,385.0,2.0,2.0
378,2016,18,ferrari,335.0,0.0,3.0
379,2016,18,force_india,134.0,0.0,4.0
380,2016,18,williams,124.0,0.0,5.0
381,2016,18,mclaren,62.0,0.0,6.0
382,2016,18,toro_rosso,47.0,0.0,7.0
383,2016,18,haas,28.0,0.0,8.0
384,2016,18,renault,8.0,0.0,9.0
385,2016,18,manor,1.0,0.0,10.0
386,2016,18,sauber,0.0,0.0,11.0
387,2016,19,mercedes,636.0,16.0,1.0
388,2016,19,red_bull,400.0,2.0,2.0
389,2016,19,ferrari,347.0,0.0,3.0
390,2016,19,force_india,138.0,0.0,4.0
391,2016,19,williams,130.0,0.0,5.0
392,2016,19,mclaren,74.0,0.0,6.0
393,2016,19,toro_rosso,55.0,0.0,7.0
394,2016,19,haas,29.0,0.0,8.0
395,2016,19,renault,8.0,0.0,9.0
396,2016,19,manor,1.0,0.0,10.0
397,2016,19,sauber,0.0,0.0,11.0
398,2016,20,mercedes,679.0,17.0,1.0
399,2016,20,red_bull,427.0,2.0,2.0
400,2016,20,ferrari,365.0,0.0,3.0
401,2016,20,force_india,145.0,0.0,4.0
402,2016,20,williams,136.0,0.0,5.0
403,2016,20,mclaren,74.0,0.0,6.0
404,2016,20,toro_rosso,55.0,0.0,7.0
405,2016,20,haas,29.0,0.0,8.0
406,2016,20,renault,8.0,0.0,9.0
407,2016,20,sauber,0.0,0.0,11.0
408,2016,20,manor,1.0,0.0,10.0
409,2016,21,mercedes,722.0,18.0,1.0
410,2016,21,red_bull,446.0,2.0,2.0
411,2016,21,ferrari,375.0,0.0,3.0
412,2016,21,force_india,163.0,0.0,4.0
413,2016,21,williams,136.0,0.0,5.0
414,2016,21,mclaren,75.0,0.0,6.0
415,2016,21,toro_rosso,63.0,0.0,7.0
416,2016,21,haas,29.0,0.0,8.0
417,2016,21,renault,8.0,0.0,9.0
418,2016,21,sauber,2.0,0.0,10.0
419,2016,21,manor,1.0,0.0,11.0
420,2017,1,ferrari,0.0,0.0,0.0
421,2017,1,mercedes,0.0,0.0,0.0
422,2017,1,red_bull,0.0,0.0,0.0
423,2017,1,williams,0.0,0.0,0.0
424,2017,1,force_india,0.0,0.0,0.0
425,2017,1,toro_rosso,0.0,0.0,0.0
426,2017,1,renault,0.0,0.0,0.0
427,2017,1,sauber,0.0,0.0,0.0
428,2017,1,mclaren,0.0,0.0,0.0
429,2017,1,haas,0.0,0.0,0.0
430,2017,2,mercedes,33.0,0.0,2.0
431,2017,2,ferrari,37.0,1.0,1.0
432,2017,2,red_bull,10.0,0.0,3.0
433,2017,2,toro_rosso,6.0,0.0,6.0
434,2017,2,force_india,7.0,0.0,5.0
435,2017,2,williams,8.0,0.0,4.0
436,2017,2,haas,0.0,0.0,10.0
437,2017,2,renault,0.0,0.0,7.0
438,2017,2,sauber,0.0,0.0,8.0
439,2017,2,mclaren,0.0,0.0,9.0
440,2017,3,ferrari,65.0,1.0,2.0
441,2017,3,mercedes,66.0,1.0,1.0
442,2017,3,red_bull,37.0,0.0,3.0
443,2017,3,force_india,10.0,0.0,5.0
444,2017,3,williams,8.0,0.0,6.0
445,2017,3,toro_rosso,12.0,0.0,4.0
446,2017,3,haas,4.0,0.0,7.0
447,2017,3,renault,0.0,0.0,8.0
448,2017,3,sauber,0.0,0.0,9.0
449,2017,3,mclaren,0.0,0.0,10.0
450,2017,4,mercedes,99.0,1.0,2.0
451,2017,4,ferrari,102.0,2.0,1.0
452,2017,4,red_bull,47.0,0.0,3.0
453,2017,4,force_india,17.0,0.0,4.0
454,2017,4,williams,16.0,0.0,5.0
455,2017,4,toro_rosso,12.0,0.0,6.0
456,2017,4,haas,8.0,0.0,7.0
457,2017,4,renault,2.0,0.0,8.0
458,2017,4,sauber,0.0,0.0,9.0
459,2017,4,mclaren,0.0,0.0,10.0
460,2017,5,mercedes,136.0,2.0,1.0
461,2017,5,ferrari,135.0,2.0,2.0
462,2017,5,red_bull,57.0,0.0,3.0
463,2017,5,force_india,31.0,0.0,4.0
464,2017,5,toro_rosso,13.0,0.0,6.0
465,2017,5,williams,18.0,0.0,5.0
466,2017,5,renault,6.0,0.0,8.0
467,2017,5,haas,8.0,0.0,7.0
468,2017,5,sauber,0.0,0.0,9.0
469,2017,5,mclaren,0.0,0.0,10.0
470,2017,6,ferrari,153.0,2.0,2.0
471,2017,6,mercedes,161.0,3.0,1.0
472,2017,6,red_bull,72.0,0.0,3.0
473,2017,6,force_india,53.0,0.0,4.0
474,2017,6,toro_rosso,21.0,0.0,5.0
475,2017,6,williams,18.0,0.0,6.0
476,2017,6,renault,14.0,0.0,7.0
477,2017,6,haas,9.0,0.0,8.0
478,2017,6,sauber,4.0,0.0,9.0
479,2017,6,mclaren,0.0,0.0,10.0
480,2017,7,mercedes,179.0,3.0,2.0
481,2017,7,ferrari,196.0,3.0,1.0
482,2017,7,red_bull,97.0,0.0,3.0
483,2017,7,force_india,53.0,0.0,4.0
484,2017,7,toro_rosso,29.0,0.0,5.0
485,2017,7,williams,20.0,0.0,6.0
486,2017,7,renault,14.0,0.0,7.0
487,2017,7,haas,14.0,0.0,8.0
488,2017,7,sauber,4.0,0.0,9.0
489,2017,7,mclaren,0.0,0.0,10.0
490,2017,8,mercedes,222.0,4.0,1.0
491,2017,8,ferrari,214.0,3.0,2.0
492,2017,8,red_bull,112.0,0.0,3.0
493,2017,8,force_india,71.0,0.0,4.0
494,2017,8,williams,22.0,0.0,6.0
495,2017,8,toro_rosso,29.0,0.0,5.0
496,2017,8,haas,15.0,0.0,8.0
497,2017,8,renault,18.0,0.0,7.0
498,2017,8,sauber,4.0,0.0,9.0
499,2017,8,mclaren,0.0,0.0,10.0
500,2017,9,mercedes,250.0,4.0,1.0
501,2017,9,ferrari,226.0,3.0,2.0
502,2017,9,red_bull,137.0,1.0,3.0
503,2017,9,force_india,79.0,0.0,4.0
504,2017,9,williams,37.0,0.0,5.0
505,2017,9,toro_rosso,33.0,0.0,6.0
506,2017,9,haas,21.0,0.0,7.0
507,2017,9,renault,18.0,0.0,8.0
508,2017,9,sauber,5.0,0.0,9.0
509,2017,9,mclaren,2.0,0.0,10.0
510,2017,10,mercedes,287.0,5.0,1.0
511,2017,10,ferrari,254.0,3.0,2.0
512,2017,10,red_bull,152.0,1.0,3.0
513,2017,10,force_india,89.0,0.0,4.0
514,2017,10,williams,40.0,0.0,5.0
515,2017,10,toro_rosso,33.0,0.0,6.0
516,2017,10,haas,29.0,0.0,7.0
517,2017,10,renault,18.0,0.0,8.0
518,2017,10,sauber,5.0,0.0,9.0
519,2017,10,mclaren,2.0,0.0,10.0
520,2017,11,mercedes,330.0,6.0,1.0
521,2017,11,ferrari,275.0,3.0,2.0
522,2017,11,red_bull,174.0,1.0,3.0
523,2017,11,force_india,95.0,0.0,4.0
524,2017,11,williams,41.0,0.0,5.0
525,2017,11,toro_rosso,33.0,0.0,6.0
526,2017,11,haas,29.0,0.0,7.0
527,2017,11,renault,26.0,0.0,8.0
528,2017,11,mclaren,2.0,0.0,10.0
529,2017,11,sauber,5.0,0.0,9.0
530,2017,12,mercedes,357.0,6.0,1.0
531,2017,12,ferrari,318.0,4.0,2.0
532,2017,12,red_bull,184.0,1.0,3.0
533,2017,12,force_india,101.0,0.0,4.0
534,2017,12,williams,41.0,0.0,5.0
535,2017,12,toro_rosso,39.0,0.0,6.0
536,2017,12,haas,29.0,0.0,7.0
537,2017,12,renault,26.0,0.0,8.0
538,2017,12,mclaren,11.0,0.0,9.0
539,2017,12,sauber,5.0,0.0,10.0
540,2017,13,mercedes,392.0,7.0,1.0
541,2017,13,ferrari,348.0,4.0,2.0
542,2017,13,red_bull,199.0,1.0,3.0
543,2017,13,force_india,103.0,0.0,4.0
544,2017,13,williams,45.0,0.0,5.0
545,2017,13,toro_rosso,40.0,0.0,6.0
546,2017,13,haas,35.0,0.0,7.0
547,2017,13,renault,34.0,0.0,8.0
548,2017,13,mclaren,11.0,0.0,9.0
549,2017,13,sauber,5.0,0.0,10.0
550,2017,14,mercedes,435.0,8.0,1.0
551,2017,14,ferrari,373.0,4.0,2.0
552,2017,14,red_bull,212.0,1.0,3.0
553,2017,14,force_india,113.0,0.0,4.0
554,2017,14,williams,55.0,0.0,5.0
555,2017,14,toro_rosso,40.0,0.0,6.0
556,2017,14,renault,34.0,0.0,8.0
557,2017,14,haas,35.0,0.0,7.0
558,2017,14,mclaren,11.0,0.0,9.0
559,2017,14,sauber,5.0,0.0,10.0
560,2017,15,mercedes,475.0,9.0,1.0
561,2017,15,ferrari,373.0,4.0,2.0
562,2017,15,red_bull,230.0,1.0,3.0
563,2017,15,force_india,124.0,0.0,4.0
564,2017,15,williams,59.0,0.0,5.0
565,2017,15,toro_rosso,52.0,0.0,6.0
566,2017,15,renault,42.0,0.0,7.0
567,2017,15,haas,37.0,0.0,8.0
568,2017,15,mclaren,17.0,0.0,9.0
569,2017,15,sauber,5.0,0.0,10.0
570,2017,16,mercedes,503.0,9.0,1.0
571,2017,16,ferrari,385.0,4.0,2.0
572,2017,16,red_bull,270.0,2.0,3.0
573,2017,16,force_india,133.0,0.0,4.0
574,2017,16,williams,65.0,0.0,5.0
575,2017,16,toro_rosso,52.0,0.0,6.0
576,2017,16,haas,37.0,0.0,8.0
577,2017,16,renault,42.0,0.0,7.0
578,2017,16,mclaren,23.0,0.0,9.0
579,2017,16,sauber,5.0,0.0,10.0
580,2017,17,mercedes,540.0,10.0,1.0
581,2017,17,ferrari,395.0,4.0,2.0
582,2017,17,red_bull,303.0,2.0,3.0
583,2017,17,force_india,147.0,0.0,4.0
584,2017,17,williams,66.0,0.0,5.0
585,2017,17,toro_rosso,52.0,0.0,6.0
586,2017,17,renault,42.0,0.0,8.0
587,2017,17,haas,43.0,0.0,7.0
588,2017,17,mclaren,23.0,0.0,9.0
589,2017,17,sauber,5.0,0.0,10.0
590,2017,18,mercedes,575.0,11.0,1.0
591,2017,18,ferrari,428.0,4.0,2.0
592,2017,18,red_bull,315.0,2.0,3.0
593,2017,18,force_india,159.0,0.0,4.0
594,2017,18,williams,68.0,0.0,5.0
595,2017,18,toro_rosso,53.0,0.0,6.0
596,2017,18,renault,48.0,0.0,7.0
597,2017,18,haas,43.0,0.0,8.0
598,2017,18,mclaren,23.0,0.0,9.0
599,2017,18,sauber,5.0,0.0,10.0
600,2017,19,mercedes,595.0,11.0,1.0
601,2017,19,ferrari,455.0,4.0,2.0
602,2017,19,red_bull,340.0,3.0,3.0
603,2017,19,force_india,175.0,0.0,4.0
604,2017,19,williams,76.0,0.0,5.0
605,2017,19,toro_rosso,53.0,0.0,6.0
606,2017,19,renault,48.0,0.0,7.0
607,2017,19,haas,47.0,0.0,8.0
608,2017,19,mclaren,24.0,0.0,9.0
609,2017,19,sauber,5.0,0.0,10.0
610,2017,20,mercedes,625.0,11.0,1.0
611,2017,20,ferrari,495.0,5.0,2.0
612,2017,20,red_bull,358.0,3.0,3.0
613,2017,20,force_india,177.0,0.0,4.0
614,2017,20,williams,82.0,0.0,5.0
615,2017,20,renault,49.0,0.0,7.0
616,2017,20,toro_rosso,53.0,0.0,6.0
617,2017,20,haas,47.0,0.0,8.0
618,2017,20,mclaren,28.0,0.0,9.0
619,2017,20,sauber,5.0,0.0,10.0
620,2018,1,ferrari,0.0,0.0,0.0
621,2018,1,mercedes,0.0,0.0,0.0
622,2018,1,red_bull,0.0,0.0,0.0
623,2018,1,mclaren,0.0,0.0,0.0
624,2018,1,renault,0.0,0.0,0.0
625,2018,1,force_india,0.0,0.0,0.0
626,2018,1,sauber,0.0,0.0,0.0
627,2018,1,williams,0.0,0.0,0.0
628,2018,1,toro_rosso,0.0,0.0,0.0
629,2018,1,haas,0.0,0.0,0.0
630,2018,2,ferrari,40.0,1.0,1.0
631,2018,2,mercedes,22.0,0.0,2.0
632,2018,2,mclaren,12.0,0.0,4.0
633,2018,2,red_bull,20.0,0.0,3.0
634,2018,2,renault,7.0,0.0,5.0
635,2018,2,toro_rosso,0.0,0.0,9.0
636,2018,2,haas,0.0,0.0,10.0
637,2018,2,sauber,0.0,0.0,7.0
638,2018,2,force_india,0.0,0.0,6.0
639,2018,2,williams,0.0,0.0,8.0
640,2018,3,mercedes,55.0,0.0,2.0
641,2018,3,ferrari,65.0,2.0,1.0
642,2018,3,red_bull,20.0,0.0,4.0
643,2018,3,mclaren,22.0,0.0,3.0
644,2018,3,renault,15.0,0.0,5.0
645,2018,3,toro_rosso,12.0,0.0,6.0
646,2018,3,haas,10.0,0.0,7.0
647,2018,3,sauber,2.0,0.0,8.0
648,2018,3,force_india,1.0,0.0,9.0
649,2018,3,williams,0.0,0.0,10.0
650,2018,4,ferrari,84.0,2.0,2.0
651,2018,4,mercedes,85.0,0.0,1.0
652,2018,4,red_bull,55.0,1.0,3.0
653,2018,4,mclaren,28.0,0.0,4.0
654,2018,4,renault,25.0,0.0,5.0
655,2018,4,force_india,1.0,0.0,9.0
656,2018,4,toro_rosso,12.0,0.0,6.0
657,2018,4,haas,11.0,0.0,7.0
658,2018,4,sauber,2.0,0.0,8.0
659,2018,4,williams,0.0,0.0,10.0
660,2018,5,mercedes,110.0,1.0,2.0
661,2018,5,ferrari,114.0,2.0,1.0
662,2018,5,red_bull,55.0,1.0,3.0
663,2018,5,renault,35.0,0.0,5.0
664,2018,5,mclaren,36.0,0.0,4.0
665,2018,5,haas,11.0,0.0,8.0
666,2018,5,force_india,16.0,0.0,6.0
667,2018,5,toro_rosso,13.0,0.0,7.0
668,2018,5,sauber,10.0,0.0,9.0
669,2018,5,williams,4.0,0.0,10.0
670,2018,6,mercedes,153.0,2.0,1.0
671,2018,6,ferrari,126.0,2.0,2.0
672,2018,6,red_bull,80.0,1.0,3.0
673,2018,6,renault,41.0,0.0,4.0
674,2018,6,mclaren,40.0,0.0,5.0
675,2018,6,force_india,18.0,0.0,7.0
676,2018,6,toro_rosso,13.0,0.0,8.0
677,2018,6,haas,19.0,0.0,6.0
678,2018,6,sauber,11.0,0.0,9.0
679,2018,6,williams,4.0,0.0,10.0
680,2018,7,mercedes,178.0,2.0,1.0
681,2018,7,ferrari,156.0,2.0,2.0
682,2018,7,red_bull,107.0,2.0,3.0
683,2018,7,renault,46.0,0.0,4.0
684,2018,7,mclaren,40.0,0.0,5.0
685,2018,7,force_india,26.0,0.0,6.0
686,2018,7,toro_rosso,19.0,0.0,7.0
687,2018,7,haas,19.0,0.0,8.0
688,2018,7,sauber,11.0,0.0,9.0
689,2018,7,williams,4.0,0.0,10.0
690,2018,8,mercedes,206.0,2.0,1.0
691,2018,8,ferrari,189.0,3.0,2.0
692,2018,8,red_bull,134.0,2.0,3.0
693,2018,8,renault,56.0,0.0,4.0
694,2018,8,mclaren,40.0,0.0,5.0
695,2018,8,force_india,28.0,0.0,6.0
696,2018,8,haas,19.0,0.0,8.0
697,2018,8,toro_rosso,19.0,0.0,7.0
698,2018,8,sauber,12.0,0.0,9.0
699,2018,8,williams,4.0,0.0,10.0
700,2018,9,ferrari,214.0,3.0,2.0
701,2018,9,mercedes,237.0,3.0,1.0
702,2018,9,red_bull,164.0,2.0,3.0
703,2018,9,renault,62.0,0.0,4.0
704,2018,9,haas,27.0,0.0,7.0
705,2018,9,mclaren,40.0,0.0,5.0
706,2018,9,force_india,28.0,0.0,6.0
707,2018,9,toro_rosso,19.0,0.0,8.0
708,2018,9,sauber,13.0,0.0,9.0
709,2018,9,williams,4.0,0.0,10.0
710,2018,10,ferrari,247.0,3.0,1.0
711,2018,10,mercedes,237.0,3.0,2.0
712,2018,10,red_bull,189.0,3.0,3.0
713,2018,10,renault,62.0,0.0,4.0
714,2018,10,haas,49.0,0.0,5.0
715,2018,10,force_india,42.0,0.0,7.0
716,2018,10,mclaren,44.0,0.0,6.0
717,2018,10,toro_rosso,19.0,0.0,8.0
718,2018,10,sauber,16.0,0.0,9.0
719,2018,10,williams,4.0,0.0,10.0
720,2018,11,mercedes,267.0,3.0,2.0
721,2018,11,ferrari,287.0,4.0,1.0
722,2018,11,red_bull,199.0,3.0,3.0
723,2018,11,renault,70.0,0.0,4.0
724,2018,11,force_india,49.0,0.0,6.0
725,2018,11,haas,51.0,0.0,5.0
726,2018,11,mclaren,48.0,0.0,7.0
727,2018,11,toro_rosso,19.0,0.0,8.0
728,2018,11,sauber,16.0,0.0,9.0
729,2018,11,williams,4.0,0.0,10.0
730,2018,12,mercedes,310.0,4.0,1.0
731,2018,12,ferrari,302.0,4.0,2.0
732,2018,12,red_bull,211.0,3.0,3.0
733,2018,12,renault,80.0,0.0,4.0
734,2018,12,haas,59.0,0.0,6.0
735,2018,12,force_india,59.0,0.0,5.0
736,2018,12,mclaren,48.0,0.0,7.0
737,2018,12,toro_rosso,20.0,0.0,8.0
738,2018,12,sauber,18.0,0.0,9.0
739,2018,12,williams,4.0,0.0,10.0
740,2018,13,mercedes,345.0,5.0,1.0
741,2018,13,ferrari,335.0,4.0,2.0
742,2018,13,red_bull,223.0,3.0,3.0
743,2018,13,renault,82.0,0.0,4.0
744,2018,13,haas,66.0,0.0,5.0
745,2018,13,mclaren,52.0,0.0,7.0
746,2018,13,toro_rosso,28.0,0.0,8.0
747,2018,13,sauber,18.0,0.0,9.0
748,2018,13,force_india,59.0,0.0,6.0
749,2018,13,williams,4.0,0.0,10.0
750,2018,14,mercedes,375.0,5.0,1.0
751,2018,14,ferrari,360.0,5.0,2.0
752,2018,14,red_bull,238.0,3.0,3.0
753,2018,14,renault,82.0,0.0,4.0
754,2018,14,haas,76.0,0.0,5.0
755,2018,14,mclaren,52.0,0.0,6.0
756,2018,14,force_india,18.0,0.0,9.0
757,2018,14,toro_rosso,30.0,0.0,7.0
758,2018,14,sauber,19.0,0.0,8.0
759,2018,14,williams,4.0,0.0,10.0
760,2018,15,mercedes,415.0,6.0,1.0
761,2018,15,ferrari,390.0,5.0,2.0
762,2018,15,red_bull,248.0,3.0,3.0
763,2018,15,renault,86.0,0.0,4.0
764,2018,15,haas,76.0,0.0,5.0
765,2018,15,mclaren,52.0,0.0,6.0
766,2018,15,force_india,32.0,0.0,7.0
767,2018,15,toro_rosso,30.0,0.0,8.0
768,2018,15,sauber,19.0,0.0,9.0
769,2018,15,williams,7.0,0.0,10.0
770,2018,16,mercedes,452.0,7.0,1.0
771,2018,16,ferrari,415.0,5.0,2.0
772,2018,16,red_bull,274.0,3.0,3.0
773,2018,16,renault,91.0,0.0,4.0
774,2018,16,haas,76.0,0.0,5.0
775,2018,16,mclaren,58.0,0.0,6.0
776,2018,16,force_india,32.0,0.0,7.0
777,2018,16,toro_rosso,30.0,0.0,8.0
778,2018,16,sauber,21.0,0.0,9.0
779,2018,16,williams,7.0,0.0,10.0
780,2018,17,mercedes,495.0,8.0,1.0
781,2018,17,ferrari,442.0,5.0,2.0
782,2018,17,red_bull,292.0,3.0,3.0
783,2018,17,renault,91.0,0.0,4.0
784,2018,17,haas,80.0,0.0,5.0
785,2018,17,mclaren,58.0,0.0,6.0
786,2018,17,force_india,35.0,0.0,7.0
787,2018,17,toro_rosso,30.0,0.0,8.0
788,2018,17,sauber,27.0,0.0,9.0
789,2018,17,williams,7.0,0.0,10.0
790,2018,18,mercedes,538.0,9.0,1.0
791,2018,18,ferrari,460.0,5.0,2.0
792,2018,18,red_bull,319.0,3.0,3.0
793,2018,18,renault,92.0,0.0,4.0
794,2018,18,haas,84.0,0.0,5.0
795,2018,18,mclaren,58.0,0.0,6.0
796,2018,18,force_india,43.0,0.0,7.0
797,2018,18,toro_rosso,30.0,0.0,8.0
798,2018,18,sauber,27.0,0.0,9.0
799,2018,18,williams,7.0,0.0,10.0
800,2018,19,mercedes,563.0,9.0,1.0
801,2018,19,ferrari,497.0,6.0,2.0
802,2018,19,red_bull,337.0,3.0,3.0
803,2018,19,renault,106.0,0.0,4.0
804,2018,19,haas,84.0,0.0,5.0
805,2018,19,mclaren,58.0,0.0,6.0
806,2018,19,force_india,47.0,0.0,7.0
807,2018,19,sauber,28.0,0.0,9.0
808,2018,19,toro_rosso,32.0,0.0,8.0
809,2018,19,williams,7.0,0.0,10.0
810,2018,20,mercedes,585.0,9.0,1.0
811,2018,20,ferrari,530.0,6.0,2.0
812,2018,20,red_bull,362.0,4.0,3.0
813,2018,20,renault,114.0,0.0,4.0
814,2018,20,haas,84.0,0.0,5.0
815,2018,20,mclaren,62.0,0.0,6.0
816,2018,20,force_india,47.0,0.0,7.0
817,2018,20,sauber,36.0,0.0,8.0
818,2018,20,toro_rosso,33.0,0.0,9.0
819,2018,20,williams,7.0,0.0,10.0
820,2018,21,mercedes,620.0,10.0,1.0
821,2018,21,ferrari,553.0,6.0,2.0
822,2018,21,red_bull,392.0,4.0,3.0
823,2018,21,renault,114.0,0.0,4.0
824,2018,21,haas,90.0,0.0,5.0
825,2018,21,mclaren,62.0,0.0,6.0
826,2018,21,force_india,48.0,0.0,7.0
827,2018,21,sauber,42.0,0.0,8.0
828,2018,21,toro_rosso,33.0,0.0,9.0
829,2018,21,williams,7.0,0.0,10.0
830,2019,1,mercedes,0.0,0.0,0.0
831,2019,1,ferrari,0.0,0.0,0.0
832,2019,1,red_bull,0.0,0.0,0.0
833,2019,1,haas,0.0,0.0,0.0
834,2019,1,renault,0.0,0.0,0.0
835,2019,1,alfa,0.0,0.0,0.0
836,2019,1,racing_point,0.0,0.0,0.0
837,2019,1,toro_rosso,0.0,0.0,0.0
838,2019,1,mclaren,0.0,0.0,0.0
839,2019,1,williams,0.0,0.0,0.0
840,2019,2,mercedes,44.0,1.0,1.0
841,2019,2,ferrari,22.0,0.0,2.0
842,2019,2,red_bull,15.0,0.0,3.0
843,2019,2,alfa,4.0,0.0,6.0
844,2019,2,mclaren,0.0,0.0,9.0
845,2019,2,haas,8.0,0.0,4.0
846,2019,2,renault,6.0,0.0,5.0
847,2019,2,toro_rosso,1.0,0.0,8.0
848,2019,2,racing_point,2.0,0.0,7.0
849,2019,2,williams,0.0,0.0,10.0
850,2019,3,mercedes,87.0,2.0,1.0
851,2019,3,ferrari,48.0,0.0,2.0
852,2019,3,red_bull,31.0,0.0,3.0
853,2019,3,renault,6.0,0.0,7.0
854,2019,3,alfa,10.0,0.0,4.0
855,2019,3,haas,8.0,0.0,6.0
856,2019,3,mclaren,8.0,0.0,5.0
857,2019,3,racing_point,3.0,0.0,9.0
858,2019,3,toro_rosso,3.0,0.0,8.0
859,2019,3,williams,0.0,0.0,10.0
860,2019,4,mercedes,130.0,3.0,1.0
861,2019,4,ferrari,73.0,0.0,2.0
862,2019,4,red_bull,52.0,0.0,3.0
863,2019,4,mclaren,8.0,0.0,7.0
864,2019,4,racing_point,7.0,0.0,8.0
865,2019,4,alfa,12.0,0.0,5.0
866,2019,4,renault,12.0,0.0,4.0
867,2019,4,haas,8.0,0.0,6.0
868,2019,4,toro_rosso,4.0,0.0,9.0
869,2019,4,williams,0.0,0.0,10.0
870,2019,5,mercedes,173.0,4.0,1.0
871,2019,5,ferrari,99.0,0.0,2.0
872,2019,5,red_bull,64.0,0.0,3.0
873,2019,5,mclaren,18.0,0.0,4.0
874,2019,5,racing_point,17.0,0.0,5.0
875,2019,5,haas,8.0,0.0,8.0
876,2019,5,alfa,13.0,0.0,6.0
877,2019,5,renault,12.0,0.0,7.0
878,2019,5,toro_rosso,4.0,0.0,9.0
879,2019,5,williams,0.0,0.0,10.0
880,2019,6,mercedes,217.0,5.0,1.0
881,2019,6,ferrari,121.0,0.0,2.0
882,2019,6,red_bull,87.0,0.0,3.0
883,2019,6,mclaren,22.0,0.0,4.0
884,2019,6,racing_point,17.0,0.0,5.0
885,2019,6,haas,15.0,0.0,6.0
886,2019,6,toro_rosso,6.0,0.0,9.0
887,2019,6,renault,12.0,0.0,8.0
888,2019,6,alfa,13.0,0.0,7.0
889,2019,6,williams,0.0,0.0,10.0
890,2019,7,mercedes,257.0,6.0,1.0
891,2019,7,ferrari,139.0,0.0,2.0
892,2019,7,red_bull,110.0,0.0,3.0
893,2019,7,mclaren,30.0,0.0,4.0
894,2019,7,renault,14.0,0.0,8.0
895,2019,7,racing_point,17.0,0.0,5.0
896,2019,7,toro_rosso,16.0,0.0,7.0
897,2019,7,haas,16.0,0.0,6.0
898,2019,7,alfa,13.0,0.0,9.0
899,2019,7,williams,0.0,0.0,10.0
900,2019,8,mercedes,295.0,7.0,1.0
901,2019,8,ferrari,172.0,0.0,2.0
902,2019,8,red_bull,124.0,0.0,3.0
903,2019,8,mclaren,30.0,0.0,4.0
904,2019,8,renault,28.0,0.0,5.0
905,2019,8,racing_point,19.0,0.0,6.0
906,2019,8,alfa,13.0,0.0,9.0
907,2019,8,toro_rosso,17.0,0.0,7.0
908,2019,8,haas,16.0,0.0,8.0
909,2019,8,williams,0.0,0.0,10.0
910,2019,9,mercedes,338.0,8.0,1.0
911,2019,9,ferrari,198.0,0.0,2.0
912,2019,9,red_bull,137.0,0.0,3.0
913,2019,9,mclaren,40.0,0.0,4.0
914,2019,9,renault,32.0,0.0,5.0
915,2019,9,alfa,19.0,0.0,7.0
916,2019,9,racing_point,19.0,0.0,6.0
917,2019,9,toro_rosso,17.0,0.0,8.0
918,2019,9,haas,16.0,0.0,9.0
919,2019,9,williams,0.0,0.0,10.0
920,2019,10,mercedes,363.0,8.0,1.0
921,2019,10,ferrari,228.0,0.0,2.0
922,2019,10,red_bull,169.0,1.0,3.0
923,2019,10,mclaren,52.0,0.0,4.0
924,2019,10,renault,32.0,0.0,5.0
925,2019,10,alfa,22.0,0.0,6.0
926,2019,10,racing_point,19.0,0.0,7.0
927,2019,10,toro_rosso,17.0,0.0,8.0
928,2019,10,haas,16.0,0.0,9.0
929,2019,10,williams,0.0,0.0,10.0
930,2019,11,mercedes,407.0,9.0,1.0
931,2019,11,ferrari,243.0,0.0,2.0
932,2019,11,red_bull,191.0,1.0,3.0
933,2019,11,mclaren,60.0,0.0,4.0
934,2019,11,toro_rosso,19.0,0.0,8.0
935,2019,11,renault,39.0,0.0,5.0
936,2019,11,racing_point,19.0,0.0,7.0
937,2019,11,haas,16.0,0.0,9.0
938,2019,11,alfa,26.0,0.0,6.0
939,2019,11,williams,0.0,0.0,10.0
940,2019,12,mercedes,409.0,9.0,1.0
941,2019,12,ferrari,261.0,0.0,2.0
942,2019,12,red_bull,217.0,2.0,3.0
943,2019,12,mclaren,70.0,0.0,4.0
944,2019,12,toro_rosso,42.0,0.0,5.0
945,2019,12,renault,39.0,0.0,6.0
946,2019,12,alfa,26.0,0.0,9.0
947,2019,12,racing_point,31.0,0.0,7.0
948,2019,12,haas,26.0,0.0,8.0
949,2019,12,williams,1.0,0.0,10.0
950,2019,13,mercedes,438.0,10.0,1.0
951,2019,13,ferrari,288.0,0.0,2.0
952,2019,13,red_bull,244.0,2.0,3.0
953,2019,13,mclaren,82.0,0.0,4.0
954,2019,13,toro_rosso,43.0,0.0,5.0
955,2019,13,renault,39.0,0.0,6.0
956,2019,13,racing_point,31.0,0.0,8.0
957,2019,13,alfa,32.0,0.0,7.0
958,2019,13,haas,26.0,0.0,9.0
959,2019,13,williams,1.0,0.0,10.0
960,2019,14,mercedes,471.0,10.0,1.0
961,2019,14,ferrari,326.0,1.0,2.0
962,2019,14,red_bull,254.0,2.0,3.0
963,2019,14,mclaren,82.0,0.0,4.0
964,2019,14,renault,43.0,0.0,6.0
965,2019,14,toro_rosso,51.0,0.0,5.0
966,2019,14,racing_point,40.0,0.0,7.0
967,2019,14,alfa,32.0,0.0,8.0
968,2019,14,haas,26.0,0.0,9.0
969,2019,14,williams,1.0,0.0,10.0
970,2019,15,mercedes,505.0,10.0,1.0
971,2019,15,ferrari,351.0,2.0,2.0
972,2019,15,red_bull,266.0,2.0,3.0
973,2019,15,mclaren,83.0,0.0,4.0
974,2019,15,renault,65.0,0.0,5.0
975,2019,15,toro_rosso,51.0,0.0,6.0
976,2019,15,racing_point,46.0,0.0,7.0
977,2019,15,alfa,34.0,0.0,8.0
978,2019,15,haas,26.0,0.0,9.0
979,2019,15,williams,1.0,0.0,10.0
980,2019,16,mercedes,527.0,10.0,1.0
981,2019,16,ferrari,394.0,3.0,2.0
982,2019,16,red_bull,289.0,2.0,3.0
983,2019,16,mclaren,89.0,0.0,4.0
984,2019,16,renault,67.0,0.0,5.0
985,2019,16,toro_rosso,55.0,0.0,6.0
986,2019,16,racing_point,46.0,0.0,7.0
987,2019,16,alfa,35.0,0.0,8.0
988,2019,16,haas,26.0,0.0,9.0
989,2019,16,williams,1.0,0.0,10.0
990,2019,17,mercedes,571.0,11.0,1.0
991,2019,17,ferrari,409.0,3.0,2.0
992,2019,17,red_bull,311.0,2.0,3.0
993,2019,17,mclaren,101.0,0.0,4.0
994,2019,17,renault,68.0,0.0,5.0
995,2019,17,toro_rosso,55.0,0.0,6.0
996,2019,17,racing_point,52.0,0.0,7.0
997,2019,17,alfa,35.0,0.0,8.0
998,2019,17,haas,28.0,0.0,9.0
999,2019,17,williams,1.0,0.0,10.0
1000,2019,18,mercedes,612.0,12.0,1.0
1001,2019,18,ferrari,435.0,3.0,2.0
1002,2019,18,red_bull,323.0,2.0,3.0
1003,2019,18,mclaren,111.0,0.0,4.0
1004,2019,18,renault,68.0,0.0,5.0
1005,2019,18,toro_rosso,62.0,0.0,6.0
1006,2019,18,racing_point,58.0,0.0,7.0
1007,2019,18,alfa,35.0,0.0,8.0
1008,2019,18,haas,28.0,0.0,9.0
1009,2019,18,williams,1.0,0.0,10.0
1010,2019,19,mercedes,652.0,13.0,1.0
1011,2019,19,ferrari,466.0,3.0,2.0
1012,2019,19,red_bull,341.0,2.0,3.0
1013,2019,19,mclaren,111.0,0.0,4.0
1014,2019,19,renault,73.0,0.0,5.0
1015,2019,19,racing_point,64.0,0.0,7.0
1016,2019,19,toro_rosso,64.0,0.0,6.0
1017,2019,19,alfa,35.0,0.0,8.0
1018,2019,19,haas,28.0,0.0,9.0
1019,2019,19,williams,1.0,0.0,10.0
1020,2019,20,mercedes,695.0,14.0,1.0
1021,2019,20,ferrari,479.0,3.0,2.0
1022,2019,20,red_bull,366.0,2.0,3.0
1023,2019,20,mclaren,121.0,0.0,4.0
1024,2019,20,renault,83.0,0.0,5.0
1025,2019,20,toro_rosso,64.0,0.0,7.0
1026,2019,20,racing_point,65.0,0.0,6.0
1027,2019,20,alfa,35.0,0.0,8.0
1028,2019,20,haas,28.0,0.0,9.0
1029,2019,20,williams,1.0,0.0,10.0
1030,2019,21,mercedes,701.0,14.0,1.0
1031,2019,21,ferrari,479.0,3.0,2.0
1032,2019,21,red_bull,391.0,3.0,3.0
1033,2019,21,mclaren,140.0,0.0,4.0
1034,2019,21,renault,91.0,0.0,5.0
1035,2019,21,toro_rosso,83.0,0.0,6.0
1036,2019,21,racing_point,67.0,0.0,7.0
1037,2019,21,alfa,57.0,0.0,8.0
1038,2019,21,haas,28.0,0.0,9.0
1039,2019,21,williams,1.0,0.0,10.0
1040,2020,1,mercedes,0.0,0.0,0.0
1041,2020,1,mclaren,0.0,0.0,0.0
1042,2020,1,ferrari,0.0,0.0,0.0
1043,2020,1,racing_point,0.0,0.0,0.0
1044,2020,1,alphatauri,0.0,0.0,0.0
1045,2020,1,renault,0.0,0.0,0.0
1046,2020,1,alfa,0.0,0.0,0.0
1047,2020,1,williams,0.0,0.0,0.0
1048,2020,1,red_bull,0.0,0.0,0.0
1049,2020,1,haas,0.0,0.0,0.0
1050,2020,2,mercedes,37.0,1.0,1.0
1051,2020,2,mclaren,26.0,0.0,2.0
1052,2020,2,red_bull,0.0,0.0,9.0
1053,2020,2,racing_point,8.0,0.0,4.0
1054,2020,2,ferrari,19.0,0.0,3.0
1055,2020,2,renault,4.0,0.0,6.0
1056,2020,2,alphatauri,6.0,0.0,5.0
1057,2020,2,alfa,2.0,0.0,7.0
1058,2020,2,williams,0.0,0.0,8.0
1059,2020,2,haas,0.0,0.0,10.0
1060,2020,3,mercedes,80.0,2.0,1.0
1061,2020,3,red_bull,27.0,0.0,3.0
1062,2020,3,mclaren,39.0,0.0,2.0
1063,2020,3,racing_point,22.0,0.0,4.0
1064,2020,3,ferrari,19.0,0.0,5.0
1065,2020,3,renault,8.0,0.0,6.0
1066,2020,3,alphatauri,7.0,0.0,7.0
1067,2020,3,alfa,2.0,0.0,8.0
1068,2020,3,haas,0.0,0.0,10.0
1069,2020,3,williams,0.0,0.0,9.0
1070,2020,4,mercedes,121.0,3.0,1.0
1071,2020,4,red_bull,55.0,0.0,2.0
1072,2020,4,mclaren,41.0,0.0,3.0
1073,2020,4,ferrari,27.0,0.0,5.0
1074,2020,4,racing_point,40.0,0.0,4.0
1075,2020,4,renault,12.0,0.0,6.0
1076,2020,4,alphatauri,7.0,0.0,7.0
1077,2020,4,alfa,2.0,0.0,8.0
1078,2020,4,haas,1.0,0.0,9.0
1079,2020,4,williams,0.0,0.0,10.0
1080,2020,5,mercedes,146.0,4.0,1.0
1081,2020,5,red_bull,78.0,0.0,2.0
1082,2020,5,ferrari,43.0,0.0,4.0
1083,2020,5,mclaren,51.0,0.0,3.0
1084,2020,5,racing_point,42.0,0.0,5.0
1085,2020,5,renault,32.0,0.0,6.0
1086,2020,5,alphatauri,13.0,0.0,7.0
1087,2020,5,alfa,2.0,0.0,8.0
1088,2020,5,haas,1.0,0.0,9.0
1089,2020,5,williams,0.0,0.0,10.0
1090,2020,6,mercedes,180.0,4.0,1.0
1091,2020,6,red_bull,113.0,1.0,2.0
1092,2020,6,racing_point,41.0,0.0,5.0
1093,2020,6,mclaren,53.0,0.0,4.0
1094,2020,6,ferrari,55.0,0.0,3.0
1095,2020,6,renault,36.0,0.0,6.0
1096,2020,6,alphatauri,14.0,0.0,7.0
1097,2020,6,alfa,2.0,0.0,8.0
1098,2020,6,haas,1.0,0.0,9.0
1099,2020,6,williams,0.0,0.0,10.0
1100,2020,7,mercedes,221.0,5.0,1.0
1101,2020,7,red_bull,135.0,1.0,2.0
1102,2020,7,mclaren,62.0,0.0,4.0
1103,2020,7,racing_point,63.0,0.0,3.0
1104,2020,7,ferrari,61.0,0.0,5.0
1105,2020,7,renault,36.0,0.0,6.0
1106,2020,7,alphatauri,16.0,0.0,7.0
1107,2020,7,alfa,2.0,0.0,8.0
1108,2020,7,haas,1.0,0.0,9.0
1109,2020,7,williams,0.0,0.0,10.0
1110,2020,8,mercedes,264.0,6.0,1.0
1111,2020,8,red_bull,158.0,1.0,2.0
1112,2020,8,mclaren,68.0,0.0,3.0
1113,2020,8,racing_point,66.0,0.0,4.0
1114,2020,8,renault,59.0,0.0,6.0
1115,2020,8,ferrari,61.0,0.0,5.0
1116,2020,8,alphatauri,20.0,0.0,7.0
1117,2020,8,alfa,2.0,0.0,8.0
1118,2020,8,haas,1.0,0.0,9.0
1119,2020,8,williams,0.0,0.0,10.0
1120,2020,9,mercedes,281.0,6.0,1.0
1121,2020,9,red_bull,158.0,1.0,2.0
1122,2020,9,mclaren,98.0,0.0,3.0
1123,2020,9,racing_point,82.0,0.0,4.0
1124,2020,9,renault,71.0,0.0,5.0
1125,2020,9,ferrari,61.0,0.0,6.0
1126,2020,9,alphatauri,47.0,1.0,7.0
1127,2020,9,alfa,2.0,0.0,8.0
1128,2020,9,haas,1.0,0.0,9.0
1129,2020,9,williams,0.0,0.0,10.0
1130,2020,10,mercedes,325.0,7.0,1.0
1131,2020,10,red_bull,173.0,1.0,2.0
1132,2020,10,mclaren,106.0,0.0,3.0
1133,2020,10,racing_point,92.0,0.0,4.0
1134,2020,10,renault,83.0,0.0,5.0
1135,2020,10,ferrari,66.0,0.0,6.0
1136,2020,10,alphatauri,53.0,1.0,7.0
1137,2020,10,alfa,4.0,0.0,8.0
1138,2020,10,haas,1.0,0.0,9.0
1139,2020,10,williams,0.0,0.0,10.0
1140,2020,11,mercedes,366.0,8.0,1.0
1141,2020,11,red_bull,192.0,1.0,2.0
1142,2020,11,racing_point,104.0,0.0,4.0
1143,2020,11,mclaren,106.0,0.0,3.0
1144,2020,11,renault,99.0,0.0,5.0
1145,2020,11,ferrari,74.0,0.0,6.0
1146,2020,11,alphatauri,59.0,1.0,7.0
1147,2020,11,alfa,4.0,0.0,8.0
1148,2020,11,haas,1.0,0.0,9.0
1149,2020,11,williams,0.0,0.0,10.0
1150,2020,12,mercedes,391.0,9.0,1.0
1151,2020,12,red_bull,211.0,1.0,2.0
1152,2020,12,racing_point,120.0,0.0,3.0
1153,2020,12,mclaren,116.0,0.0,4.0
1154,2020,12,renault,114.0,0.0,5.0
1155,2020,12,ferrari,80.0,0.0,6.0
1156,2020,12,alphatauri,67.0,1.0,7.0
1157,2020,12,alfa,5.0,0.0,8.0
1158,2020,12,haas,3.0,0.0,9.0
1159,2020,12,williams,0.0,0.0,10.0
1160,2020,13,mercedes,435.0,10.0,1.0
1161,2020,13,red_bull,226.0,1.0,2.0
1162,2020,13,renault,120.0,0.0,5.0
1163,2020,13,mclaren,124.0,0.0,4.0
1164,2020,13,racing_point,126.0,0.0,3.0
1165,2020,13,ferrari,93.0,0.0,6.0
1166,2020,13,alphatauri,77.0,1.0,7.0
1167,2020,13,alfa,5.0,0.0,8.0
1168,2020,13,haas,3.0,0.0,9.0
1169,2020,13,williams,0.0,0.0,10.0
1170,2020,14,mercedes,479.0,11.0,1.0
1171,2020,14,red_bull,226.0,1.0,2.0
1172,2020,14,racing_point,134.0,0.0,5.0
1173,2020,14,mclaren,134.0,0.0,4.0
1174,2020,14,renault,135.0,0.0,3.0
1175,2020,14,ferrari,103.0,0.0,6.0
1176,2020,14,alphatauri,89.0,1.0,7.0
1177,2020,14,alfa,8.0,0.0,8.0
1178,2020,14,haas,3.0,0.0,9.0
1179,2020,14,williams,0.0,0.0,10.0
1180,2020,15,mercedes,504.0,12.0,1.0
1181,2020,15,red_bull,240.0,1.0,2.0
1182,2020,15,mclaren,149.0,0.0,4.0
1183,2020,15,racing_point,154.0,0.0,3.0
1184,2020,15,renault,136.0,0.0,5.0
1185,2020,15,ferrari,130.0,0.0,6.0
1186,2020,15,alphatauri,89.0,1.0,7.0
1187,2020,15,alfa,8.0,0.0,8.0
1188,2020,15,haas,3.0,0.0,9.0
1189,2020,15,williams,0.0,0.0,10.0
1190,2020,16,mercedes,533.0,13.0,1.0
1191,2020,16,red_bull,274.0,1.0,2.0
1192,2020,16,racing_point,154.0,0.0,4.0
1193,2020,16,mclaren,171.0,0.0,3.0
1194,2020,16,renault,144.0,0.0,5.0
1195,2020,16,ferrari,131.0,0.0,6.0
1196,2020,16,alphatauri,97.0,1.0,7.0
1197,2020,16,alfa,8.0,0.0,8.0
1198,2020,16,haas,3.0,0.0,9.0
1199,2020,16,williams,0.0,0.0,10.0
1200,2020,17,mercedes,540.0,13.0,1.0
1201,2020,17,red_bull,282.0,1.0,2.0
1202,2020,17,mclaren,184.0,0.0,4.0
1203,2020,17,racing_point,194.0,1.0,3.0
1204,2020,17,renault,172.0,0.0,5.0
1205,2020,17,ferrari,131.0,0.0,6.0
1206,2020,17,alphatauri,103.0,1.0,7.0
1207,2020,17,alfa,8.0,0.0,8.0
1208,2020,17,haas,3.0,0.0,9.0
1209,2020,17,williams,0.0,0.0,10.0
1210,2021,1,mercedes,0.0,0.0,0.0
1211,2021,1,red_bull,0.0,0.0,0.0
1212,2021,1,mclaren,0.0,0.0,0.0
1213,2021,1,ferrari,0.0,0.0,0.0
1214,2021,1,alphatauri,0.0,0.0,0.0
1215,2021,1,aston_martin,0.0,0.0,0.0
1216,2021,1,alfa,0.0,0.0,0.0
1217,2021,1,alpine,0.0,0.0,0.0
1218,2021,1,williams,0.0,0.0,0.0
1219,2021,1,haas,0.0,0.0,0.0
1220,2021,2,mercedes,41.0,1.0,1.0
1221,2021,2,red_bull,28.0,0.0,2.0
1222,2021,2,mclaren,18.0,0.0,3.0
1223,2021,2,ferrari,12.0,0.0,4.0
1224,2021,2,alphatauri,2.0,0.0,5.0
1225,2021,2,aston_martin,1.0,0.0,6.0
1226,2021,2,alpine,0.0,0.0,8.0
1227,2021,2,alfa,0.0,0.0,7.0
1228,2021,2,williams,0.0,0.0,9.0
1229,2021,2,haas,0.0,0.0,10.0
1230,2021,3,mercedes,60.0,1.0,1.0
1231,2021,3,red_bull,53.0,1.0,2.0
1232,2021,3,mclaren,41.0,0.0,3.0
1233,2021,3,ferrari,34.0,0.0,4.0
1234,2021,3,alpine,3.0,0.0,7.0
1235,2021,3,alphatauri,8.0,0.0,5.0
1236,2021,3,aston_martin,5.0,0.0,6.0
1237,2021,3,alfa,0.0,0.0,8.0
1238,2021,3,williams,0.0,0.0,9.0
1239,2021,3,haas,0.0,0.0,10.0
1240,2021,4,mercedes,101.0,2.0,1.0
1241,2021,4,red_bull,83.0,1.0,2.0
1242,2021,4,mclaren,53.0,0.0,3.0
1243,2021,4,ferrari,42.0,0.0,4.0
1244,2021,4,alpine,13.0,0.0,5.0
1245,2021,4,alphatauri,9.0,0.0,6.0
1246,2021,4,aston_martin,5.0,0.0,7.0
1247,2021,4,alfa,0.0,0.0,8.0
1248,2021,4,williams,0.0,0.0,9.0
1249,2021,4,haas,0.0,0.0,10.0
1250,2021,5,red_bull,112.0,1.0,2.0
1251,2021,5,mercedes,141.0,3.0,1.0
1252,2021,5,mclaren,65.0,0.0,3.0
1253,2021,5,ferrari,60.0,0.0,4.0
1254,2021,5,aston_martin,5.0,0.0,7.0
1255,2021,5,alphatauri,10.0,0.0,6.0
1256,2021,5,alpine,15.0,0.0,5.0
1257,2021,5,alfa,0.0,0.0,8.0
1258,2021,5,williams,0.0,0.0,9.0
1259,2021,5,haas,0.0,0.0,10.0
1260,2021,6,red_bull,149.0,2.0,1.0
1261,2021,6,mercedes,148.0,3.0,2.0
1262,2021,6,ferrari,78.0,0.0,4.0
1263,2021,6,mclaren,80.0,0.0,3.0
1264,2021,6,alphatauri,18.0,0.0,6.0
1265,2021,6,aston_martin,19.0,0.0,5.0
1266,2021,6,alpine,17.0,0.0,7.0
1267,2021,6,alfa,1.0,0.0,8.0
1268,2021,6,haas,0.0,0.0,10.0
1269,2021,6,williams,0.0,0.0,9.0
1270,2021,7,red_bull,174.0,3.0,1.0
1271,2021,7,mercedes,148.0,3.0,2.0
1272,2021,7,mclaren,92.0,0.0,4.0
1273,2021,7,ferrari,94.0,0.0,3.0
1274,2021,7,alphatauri,39.0,0.0,5.0
1275,2021,7,aston_martin,37.0,0.0,6.0
1276,2021,7,alpine,25.0,0.0,7.0
1277,2021,7,alfa,2.0,0.0,8.0
1278,2021,7,williams,0.0,0.0,10.0
1279,2021,7,haas,0.0,0.0,9.0
1280,2021,8,red_bull,215.0,4.0,1.0
1281,2021,8,mercedes,178.0,3.0,2.0
1282,2021,8,mclaren,110.0,0.0,3.0
1283,2021,8,ferrari,94.0,0.0,4.0
1284,2021,8,alphatauri,45.0,0.0,5.0
1285,2021,8,aston_martin,40.0,0.0,6.0
1286,2021,8,alpine,29.0,0.0,7.0
1287,2021,8,alfa,2.0,0.0,8.0
1288,2021,8,williams,0.0,0.0,9.0
1289,2021,8,haas,0.0,0.0,10.0
1290,2021,9,red_bull,252.0,5.0,1.0
1291,2021,9,mercedes,212.0,3.0,2.0
1292,2021,9,mclaren,120.0,0.0,3.0
1293,2021,9,ferrari,108.0,0.0,4.0
1294,2021,9,alphatauri,46.0,0.0,5.0
1295,2021,9,aston_martin,44.0,0.0,6.0
1296,2021,9,alpine,31.0,0.0,7.0
1297,2021,9,alfa,2.0,0.0,8.0
1298,2021,9,williams,0.0,0.0,9.0
1299,2021,9,haas,0.0,0.0,10.0
1300,2021,10,red_bull,286.0,6.0,1.0
1301,2021,10,mercedes,242.0,3.0,2.0
1302,2021,10,mclaren,141.0,0.0,3.0
1303,2021,10,ferrari,122.0,0.0,4.0
1304,2021,10,alphatauri,48.0,0.0,5.0
1305,2021,10,aston_martin,44.0,0.0,6.0
1306,2021,10,alpine,32.0,0.0,7.0
1307,2021,10,alfa,2.0,0.0,8.0
1308,2021,10,williams,0.0,0.0,9.0
1309,2021,10,haas,0.0,0.0,10.0
1310,2021,11,mercedes,285.0,4.0,2.0
1311,2021,11,red_bull,289.0,6.0,1.0
1312,2021,11,ferrari,148.0,0.0,4.0
1313,2021,11,mclaren,163.0,0.0,3.0
1314,2021,11,alpine,40.0,0.0,7.0
1315,2021,11,alphatauri,49.0,0.0,5.0
1316,2021,11,aston_martin,48.0,0.0,6.0
1317,2021,11,williams,0.0,0.0,9.0
1318,2021,11,alfa,2.0,0.0,8.0
1319,2021,11,haas,0.0,0.0,10.0
1320,2021,12,mercedes,303.0,4.0,1.0
1321,2021,12,red_bull,291.0,6.0,2.0
1322,2021,12,mclaren,163.0,0.0,4.0
1323,2021,12,ferrari,163.0,0.0,3.0
1324,2021,12,alpine,77.0,1.0,5.0
1325,2021,12,alphatauri,68.0,0.0,6.0
1326,2021,12,aston_martin,48.0,0.0,7.0
1327,2021,12,williams,10.0,0.0,8.0
1328,2021,12,alfa,3.0,0.0,9.0
1329,2021,12,haas,0.0,0.0,10.0
1330,2021,13,mercedes,0.0,4.0,1.0
1331,2021,13,red_bull,0.0,7.0,2.0
1332,2021,13,ferrari,0.0,0.0,4.0
1333,2021,13,mclaren,169.0,0.0,3.0
1334,2021,13,alpine,80.0,1.0,5.0
1335,2021,13,alphatauri,72.0,0.0,6.0
1336,2021,13,aston_martin,53.0,0.0,7.0
1337,2021,13,williams,20.0,0.0,8.0
1338,2021,13,alfa,3.0,0.0,9.0
1339,2021,13,haas,0.0,0.0,10.0
1340,2021,14,mercedes,0.0,4.0,1.0
1341,2021,14,red_bull,0.0,8.0,2.0
1342,2021,14,mclaren,170.0,0.0,4.0
1343,2021,14,ferrari,0.0,0.0,3.0
1344,2021,14,alpine,90.0,1.0,5.0
1345,2021,14,alphatauri,84.0,0.0,6.0
1346,2021,14,aston_martin,53.0,0.0,7.0
1347,2021,14,williams,20.0,0.0,8.0
1348,2021,14,alfa,3.0,0.0,9.0
1349,2021,14,haas,0.0,0.0,10.0
1350,2021,15,mercedes,0.0,4.0,1.0
1351,2021,15,red_bull,0.0,8.0,2.0
1352,2021,15,mclaren,215.0,1.0,3.0
1353,2021,15,ferrari,0.0,0.0,4.0
1354,2021,15,alpine,95.0,1.0,5.0
1355,2021,15,alphatauri,84.0,0.0,6.0
1356,2021,15,aston_martin,59.0,0.0,7.0
1357,2021,15,williams,22.0,0.0,8.0
1358,2021,15,alfa,3.0,0.0,9.0
1359,2021,15,haas,0.0,0.0,10.0
1360,2021,16,mercedes,0.0,5.0,1.0
1361,2021,16,red_bull,0.0,8.0,2.0
1362,2021,16,mclaren,234.0,1.0,3.0
1363,2021,16,ferrari,0.0,0.0,4.0
1364,2021,16,alpine,103.0,1.0,5.0
1365,2021,16,alphatauri,84.0,0.0,6.0
1366,2021,16,aston_martin,59.0,0.0,7.0
1367,2021,16,williams,23.0,0.0,8.0
1368,2021,16,alfa,7.0,0.0,9.0
1369,2021,16,haas,0.0,0.0,10.0
1370,2021,17,mercedes,0.0,6.0,1.0
1371,2021,17,red_bull,0.0,8.0,2.0
1372,2021,17,mclaren,240.0,1.0,3.0
1373,2021,17,ferrari,0.0,0.0,4.0
1374,2021,17,alpine,104.0,1.0,5.0
1375,2021,17,alphatauri,92.0,0.0,6.0
1376,2021,17,aston_martin,61.0,0.0,7.0
1377,2021,17,williams,23.0,0.0,8.0
1378,2021,17,alfa,7.0,0.0,9.0
1379,2021,17,haas,0.0,0.0,10.0
1380,2021,18,mercedes,0.0,6.0,1.0
1381,2021,18,red_bull,0.0,9.0,2.0
1382,2021,18,ferrari,0.0,0.0,4.0
1383,2021,18,mclaren,254.0,1.0,3.0
1384,2021,18,alpine,104.0,1.0,5.0
1385,2021,18,alphatauri,94.0,0.0,6.0
1386,2021,18,aston_martin,62.0,0.0,7.0
1387,2021,18,williams,23.0,0.0,8.0
1388,2021,18,alfa,7.0,0.0,9.0
1389,2021,18,haas,0.0,0.0,10.0
1390,2021,19,mercedes,0.0,6.0,1.0
1391,2021,19,red_bull,0.0,10.0,2.0
1392,2021,19,ferrari,0.0,0.0,3.0
1393,2021,19,mclaren,255.0,1.0,4.0
1394,2021,19,alpine,106.0,1.0,5.0
1395,2021,19,alphatauri,106.0,0.0,6.0
1396,2021,19,aston_martin,68.0,0.0,7.0
1397,2021,19,williams,23.0,0.0,8.0
1398,2021,19,alfa,11.0,0.0,9.0
1399,2021,19,haas,0.0,0.0,10.0
1400,2021,20,mercedes,0.0,7.0,1.0
1401,2021,20,red_bull,0.0,10.0,2.0
1402,2021,20,ferrari,0.0,0.0,3.0
1403,2021,20,mclaren,256.0,1.0,4.0
1404,2021,20,alpine,112.0,1.0,5.0
1405,2021,20,alphatauri,112.0,0.0,6.0
1406,2021,20,aston_martin,68.0,0.0,7.0
1407,2021,20,williams,23.0,0.0,8.0
1408,2021,20,alfa,11.0,0.0,9.0
1409,2021,20,haas,0.0,0.0,10.0
1410,2021,21,mercedes,0.0,8.0,1.0
1411,2021,21,red_bull,0.0,10.0,2.0
1412,2021,21,ferrari,0.0,0.0,3.0
1413,2021,21,mclaren,258.0,1.0,4.0
1414,2021,21,alpine,137.0,1.0,5.0
1415,2021,21,alphatauri,112.0,0.0,6.0
1416,2021,21,aston_martin,77.0,0.0,7.0
1417,2021,21,williams,23.0,0.0,8.0
1418,2021,21,alfa,11.0,0.0,9.0
1419,2021,21,haas,0.0,0.0,10.0
1420,2021,22,mercedes,0.0,9.0,1.0
1421,2021,22,red_bull,0.0,10.0,2.0
1422,2021,22,ferrari,0.0,0.0,3.0
1423,2021,22,mclaren,269.0,1.0,4.0
1424,2021,22,alpine,149.0,1.0,5.0
1425,2021,22,alphatauri,120.0,0.0,6.0
1426,2021,22,aston_martin,77.0,0.0,7.0
1427,2021,22,williams,23.0,0.0,8.0
1428,2021,22,alfa,13.0,0.0,9.0
1429,2021,22,haas,0.0,0.0,10.0
1430,2022,1,ferrari,0.0,0.0,0.0
1431,2022,1,mercedes,0.0,0.0,0.0
1432,2022,1,haas,0.0,0.0,0.0
1433,2022,1,alfa,0.0,0.0,0.0
1434,2022,1,alpine,0.0,0.0,0.0
1435,2022,1,alphatauri,0.0,0.0,0.0
1436,2022,1,aston_martin,0.0,0.0,0.0
1437,2022,1,williams,0.0,0.0,0.0
1438,2022,1,mclaren,0.0,0.0,0.0
1439,2022,1,red_bull,0.0,0.0,0.0
1440,2022,2,ferrari,44.0,1.0,1.0
1441,2022,2,mercedes,27.0,0.0,2.0
1442,2022,2,red_bull,0.0,0.0,10.0
1443,2022,2,alpine,8.0,0.0,5.0
1444,2022,2,haas,10.0,0.0,3.0
1445,2022,2,alfa,9.0,0.0,4.0
1446,2022,2,alphatauri,4.0,0.0,6.0
1447,2022,2,mclaren,0.0,0.0,9.0
1448,2022,2,aston_martin,0.0,0.0,7.0
1449,2022,2,williams,0.0,0.0,8.0
1450,2022,3,ferrari,78.0,1.0,1.0
1451,2022,3,mercedes,38.0,0.0,2.0
1452,2022,3,red_bull,37.0,1.0,3.0
1453,2022,3,mclaren,6.0,0.0,8.0
1454,2022,3,alpine,16.0,0.0,4.0
1455,2022,3,alfa,9.0,0.0,6.0
1456,2022,3,haas,12.0,0.0,5.0
1457,2022,3,alphatauri,8.0,0.0,7.0
1458,2022,3,williams,0.0,0.0,10.0
1459,2022,3,aston_martin,0.0,0.0,9.0
1460,2022,4,ferrari,104.0,2.0,1.0
1461,2022,4,red_bull,55.0,1.0,3.0
1462,2022,4,mercedes,65.0,0.0,2.0
1463,2022,4,mclaren,24.0,0.0,4.0
1464,2022,4,alfa,13.0,0.0,6.0
1465,2022,4,alpine,22.0,0.0,5.0
1466,2022,4,alphatauri,10.0,0.0,8.0
1467,2022,4,haas,12.0,0.0,7.0
1468,2022,4,aston_martin,0.0,0.0,10.0
1469,2022,4,williams,1.0,0.0,9.0
1470,2022,5,ferrari,124.0,2.0,1.0
1471,2022,5,red_bull,113.0,2.0,2.0
1472,2022,5,mercedes,77.0,0.0,3.0
1473,2022,5,mclaren,46.0,0.0,4.0
1474,2022,5,alfa,25.0,0.0,5.0
1475,2022,5,alpine,22.0,0.0,6.0
1476,2022,5,alphatauri,16.0,0.0,7.0
1477,2022,5,haas,15.0,0.0,8.0
1478,2022,5,aston_martin,5.0,0.0,9.0
1479,2022,5,williams,1.0,0.0,10.0
1480,2022,6,red_bull,151.0,3.0,2.0
1481,2022,6,ferrari,157.0,2.0,1.0
1482,2022,6,mercedes,95.0,0.0,3.0
1483,2022,6,mclaren,46.0,0.0,4.0
1484,2022,6,alfa,31.0,0.0,5.0
1485,2022,6,alpine,26.0,0.0,6.0
1486,2022,6,alphatauri,16.0,0.0,7.0
1487,2022,6,haas,15.0,0.0,8.0
1488,2022,6,aston_martin,6.0,0.0,9.0
1489,2022,6,williams,3.0,0.0,10.0
1490,2022,7,red_bull,195.0,4.0,1.0
1491,2022,7,ferrari,169.0,2.0,2.0
1492,2022,7,mercedes,120.0,0.0,3.0
1493,2022,7,mclaren,50.0,0.0,4.0
1494,2022,7,alfa,39.0,0.0,5.0
1495,2022,7,alpine,34.0,0.0,6.0
1496,2022,7,alphatauri,17.0,0.0,7.0
1497,2022,7,haas,15.0,0.0,8.0
1498,2022,7,aston_martin,6.0,0.0,9.0
1499,2022,7,williams,3.0,0.0,10.0
1500,2022,8,red_bull,235.0,5.0,1.0
1501,2022,8,ferrari,199.0,2.0,2.0
1502,2022,8,mercedes,134.0,0.0,3.0
1503,2022,8,mclaren,59.0,0.0,4.0
1504,2022,8,alpine,40.0,0.0,6.0
1505,2022,8,alfa,41.0,0.0,5.0
1506,2022,8,alphatauri,17.0,0.0,7.0
1507,2022,8,haas,15.0,0.0,8.0
1508,2022,8,aston_martin,7.0,0.0,9.0
1509,2022,8,williams,3.0,0.0,10.0
1510,2022,9,red_bull,279.0,6.0,1.0
1511,2022,9,ferrari,199.0,2.0,2.0
1512,2022,9,mercedes,161.0,0.0,3.0
1513,2022,9,mclaren,65.0,0.0,4.0
1514,2022,9,alpine,47.0,0.0,5.0
1515,2022,9,alfa,41.0,0.0,6.0
1516,2022,9,alphatauri,27.0,0.0,7.0
1517,2022,9,aston_martin,15.0,0.0,9.0
1518,2022,9,haas,15.0,0.0,8.0
1519,2022,9,williams,3.0,0.0,10.0
1520,2022,10,red_bull,304.0,7.0,1.0
1521,2022,10,ferrari,228.0,2.0,2.0
1522,2022,10,mercedes,188.0,0.0,3.0
1523,2022,10,mclaren,65.0,0.0,4.0
1524,2022,10,alpine,57.0,0.0,5.0
1525,2022,10,alfa,51.0,0.0,6.0
1526,2022,10,alphatauri,27.0,0.0,7.0
1527,2022,10,haas,15.0,0.0,9.0
1528,2022,10,aston_martin,16.0,0.0,8.0
1529,2022,10,williams,3.0,0.0,10.0
1530,2022,11,red_bull,328.0,7.0,1.0
1531,2022,11,ferrari,265.0,3.0,2.0
1532,2022,11,mercedes,204.0,0.0,3.0
1533,2022,11,mclaren,73.0,0.0,4.0
1534,2022,11,alpine,67.0,0.0,5.0
1535,2022,11,alfa,51.0,0.0,6.0
1536,2022,11,haas,20.0,0.0,8.0
1537,2022,11,alphatauri,27.0,0.0,7.0
1538,2022,11,aston_martin,18.0,0.0,9.0
1539,2022,11,williams,3.0,0.0,10.0
1540,2022,12,red_bull,359.0,7.0,1.0
1541,2022,12,ferrari,303.0,4.0,2.0
1542,2022,12,mercedes,237.0,0.0,3.0
1543,2022,12,alpine,81.0,0.0,5.0
1544,2022,12,mclaren,81.0,0.0,4.0
1545,2022,12,alfa,51.0,0.0,6.0
1546,2022,12,haas,34.0,0.0,7.0
1547,2022,12,alphatauri,27.0,0.0,8.0
1548,2022,12,aston_martin,18.0,0.0,9.0
1549,2022,12,williams,3.0,0.0,10.0
1550,2022,13,red_bull,396.0,8.0,1.0
1551,2022,13,ferrari,314.0,4.0,2.0
1552,2022,13,mercedes,270.0,0.0,3.0
1553,2022,13,alpine,93.0,0.0,4.0
1554,2022,13,mclaren,89.0,0.0,5.0
1555,2022,13,alfa,51.0,0.0,6.0
1556,2022,13,haas,34.0,0.0,7.0
1557,2022,13,alphatauri,27.0,0.0,8.0
1558,2022,13,aston_martin,19.0,0.0,9.0
1559,2022,13,williams,3.0,0.0,10.0
1560,2022,14,red_bull,431.0,9.0,1.0
1561,2022,14,ferrari,334.0,4.0,2.0
1562,2022,14,mercedes,304.0,0.0,3.0
1563,2022,14,alpine,99.0,0.0,4.0
1564,2022,14,mclaren,95.0,0.0,5.0
1565,2022,14,alfa,51.0,0.0,6.0
1566,2022,14,haas,34.0,0.0,7.0
1567,2022,14,alphatauri,27.0,0.0,8.0
1568,2022,14,aston_martin,20.0,0.0,9.0
1569,2022,14,williams,3.0,0.0,10.0
1570,2022,15,red_bull,475.0,10.0,1.0
1571,2022,15,ferrari,357.0,4.0,2.0
1572,2022,15,mercedes,316.0,0.0,3.0
1573,2022,15,alpine,115.0,0.0,4.0
1574,2022,15,mclaren,95.0,0.0,5.0
1575,2022,15,alfa,51.0,0.0,6.0
1576,2022,15,haas,34.0,0.0,7.0
1577,2022,15,alphatauri,29.0,0.0,8.0
1578,2022,15,aston_martin,24.0,0.0,9.0
1579,2022,15,williams,4.0,0.0,10.0
1580,2022,16,red_bull,511.0,11.0,1.0
1581,2022,16,ferrari,376.0,4.0,2.0
1582,2022,16,mercedes,346.0,0.0,3.0
1583,2022,16,alpine,125.0,0.0,4.0
1584,2022,16,mclaren,101.0,0.0,5.0
1585,2022,16,alfa,51.0,0.0,6.0
1586,2022,16,haas,34.0,0.0,7.0
1587,2022,16,alphatauri,29.0,0.0,8.0
1588,2022,16,aston_martin,25.0,0.0,9.0
1589,2022,16,williams,4.0,0.0,10.0
1590,2022,17,red_bull,545.0,12.0,1.0
1591,2022,17,ferrari,406.0,4.0,2.0
1592,2022,17,mercedes,371.0,0.0,3.0
1593,2022,17,mclaren,107.0,0.0,5.0
1594,2022,17,alpine,125.0,0.0,4.0
1595,2022,17,alfa,52.0,0.0,6.0
1596,2022,17,aston_martin,25.0,0.0,9.0
1597,2022,17,haas,34.0,0.0,7.0
1598,2022,17,alphatauri,33.0,0.0,8.0
1599,2022,17,williams,6.0,0.0,10.0
1600,2022,18,red_bull,576.0,13.0,1.0
1601,2022,18,ferrari,439.0,4.0,2.0
1602,2022,18,mercedes,373.0,0.0,3.0
1603,2022,18,alpine,125.0,0.0,5.0
1604,2022,18,mclaren,129.0,0.0,4.0
1605,2022,18,alfa,52.0,0.0,6.0
1606,2022,18,aston_martin,37.0,0.0,7.0
1607,2022,18,haas,34.0,0.0,8.0
1608,2022,18,alphatauri,34.0,0.0,9.0
1609,2022,18,williams,6.0,0.0,10.0
1610,2022,19,red_bull,619.0,14.0,1.0
1611,2022,19,ferrari,454.0,4.0,2.0
1612,2022,19,mercedes,387.0,0.0,3.0
1613,2022,19,alpine,143.0,0.0,4.0
1614,2022,19,mclaren,130.0,0.0,5.0
1615,2022,19,alfa,52.0,0.0,6.0
1616,2022,19,aston_martin,45.0,0.0,7.0
1617,2022,19,haas,34.0,0.0,8.0
1618,2022,19,alphatauri,34.0,0.0,9.0
1619,2022,19,williams,8.0,0.0,10.0
1620,2022,20,red_bull,656.0,15.0,1.0
1621,2022,20,ferrari,469.0,4.0,2.0
1622,2022,20,mercedes,416.0,0.0,3.0
1623,2022,20,alpine,149.0,0.0,4.0
1624,2022,20,mclaren,138.0,0.0,5.0
1625,2022,20,alfa,52.0,0.0,6.0
1626,2022,20,aston_martin,49.0,0.0,7.0
1627,2022,20,haas,36.0,0.0,8.0
1628,2022,20,alphatauri,35.0,0.0,9.0
1629,2022,20,williams,8.0,0.0,10.0
1630,2022,21,red_bull,696.0,16.0,1.0
1631,2022,21,ferrari,487.0,4.0,2.0
1632,2022,21,mercedes,447.0,0.0,3.0
1633,2022,21,alpine,153.0,0.0,4.0
1634,2022,21,mclaren,146.0,0.0,5.0
1635,2022,21,alfa,53.0,0.0,6.0
1636,2022,21,aston_martin,49.0,0.0,7.0
1637,2022,21,haas,36.0,0.0,8.0
1638,2022,21,alphatauri,35.0,0.0,9.0
1639,2022,21,williams,8.0,0.0,10.0
1640,2022,22,red_bull,719.0,16.0,1.0
1641,2022,22,ferrari,524.0,4.0,2.0
1642,2022,22,mercedes,505.0,1.0,3.0
1643,2022,22,alpine,167.0,0.0,4.0
1644,2022,22,mclaren,148.0,0.0,5.0
1645,2022,22,alfa,55.0,0.0,6.0
1646,2022,22,aston_martin,50.0,0.0,7.0
1647,2022,22,haas,37.0,0.0,8.0
1648,2022,22,alphatauri,35.0,0.0,9.0
1649,2022,22,williams,8.0,0.0,10.0
